id,name,email,phone,address,created_at
1,"Alice Rahman",alice@example.com,01711000001,"Dhaka, Bangladesh","2026-05-17 22:40:42"
2,"Bob Hossain",bob@example.com,01711000002,"Chittagong, Bangladesh","2026-05-17 22:40:42"
3,"Carol Islam",carol@example.com,01711000003,"Sylhet, Bangladesh","2026-05-17 22:40:42"
4,"David Chowdhury",david@example.com,01711000004,"Khulna, Bangladesh","2026-05-17 22:40:42"
5,"Eva Begum",eva@example.com,01711000005,"Rajshahi, Bangladesh","2026-05-17 22:40:42"
6,"Frank Ahmed",frank@example.com,01711000006,"Dhaka, Bangladesh","2026-05-17 22:40:42"
7,"Grace Noor",grace@example.com,01711000007,"Barisal, Bangladesh","2026-05-17 22:40:42"
8,"Hasan Malik",hasan@example.com,01711000008,"Mymensingh, Bangladesh","2026-05-17 22:40:42"
9,"Irfan Uddin",irfan@example.com,01711000009,"Dhaka, Bangladesh","2026-05-17 22:40:42"
10,"Jannatul Ferdous",jannatul@example.com,01711000010,"Comilla, Bangladesh","2026-05-17 22:40:42"
11,"Karim Molla",karim@example.com,01711000011,"Dhaka, Bangladesh","2026-05-21 22:39:01"
12,"Lina Akter",lina@example.com,01711000012,"Gazipur, Bangladesh","2026-05-21 22:39:01"
13,"Mahfuz Rahman",mahfuz@example.com,01711000013,"Narayanganj, Bangladesh","2026-05-21 22:39:01"
14,"Nadia Islam",nadia@example.com,01711000014,"Dhaka, Bangladesh","2026-05-21 22:39:01"
15,"Omar Faruq",omar@example.com,01711000015,"Chittagong, Bangladesh","2026-05-21 22:39:01"
16,"Parvin Sultana",parvin@example.com,01711000016,"Sylhet, Bangladesh","2026-05-21 22:39:01"
17,"Rahim Uddin",rahim@example.com,01711000017,"Khulna, Bangladesh","2026-05-21 22:39:01"
18,"Sabrina Khanam",sabrina@example.com,01711000018,"Rajshahi, Bangladesh","2026-05-21 22:39:01"
19,"Tanvir Hossain",tanvir@example.com,01711000019,"Dhaka, Bangladesh","2026-05-21 22:39:01"
20,"Umme Kulsum",umme@example.com,01711000020,"Comilla, Bangladesh","2026-05-21 22:39:01"
21,"Vaskar Dey",vaskar@example.com,01711000021,"Dhaka, Bangladesh","2026-05-21 22:39:01"
22,"Wahida Begum",wahida@example.com,01711000022,"Barisal, Bangladesh","2026-05-21 22:39:01"
23,"Xahed Ali",xahed@example.com,01711000023,"Mymensingh, Bangladesh","2026-05-21 22:39:01"
24,"Yasmin Chowdhury",yasmin@example.com,01711000024,"Dhaka, Bangladesh","2026-05-21 22:39:01"
25,"Zakir Nawab",zakir@example.com,01711000025,"Feni, Bangladesh","2026-05-21 22:39:01"
